show_id,type,title,director,cast,country,date_added,release_year,rating,duration,listed_in
s1,Movie,3 Idiots,Rajkumar Hirani,"Aamir Khan, Kareena Kapoor",India,"September 1, 2020",2009,PG-13,170 min,"Comedies, Dramas"
s2,TV Show,Dark,,Louis Hofmann,Germany,"December 1, 2017",2017,TV-MA,3 Seasons,Sci-Fi & Fantasy
s3,movie,Inception,Christopher Nolan,,,,2010,PG-13,148 min,Thrillers
s4,Movie ,The Irishman,Martin Scorsese,"Robert De Niro, Al Pacino",United States,"November 27, 2019",2019,R,209 min,Dramas
s4,Movie ,The Irishman,Martin Scorsese,"Robert De Niro, Al Pacino",United States,"November 27, 2019",2019,R,209 min,Dramas
s5,TV show,Money Heist,,Úrsula Corberó,Spain,"August 15, 2017",2017,TV-MA,5 Seasons,Crime TV Shows
s6,,Sacred Games,,Nawazuddin Siddiqui,India,"July 6, 2018",2018,TV-MA,2 Seasons,Crime TV Shows
s7,Movie,Joker,Todd Phillips,,United States,"October 4, 2019",2019,R,122 min,Thrillers
s8,TV Show,Friends,,Jennifer Aniston,,,1994,TV-14,10 Seasons,Sitcoms
s9,Movie,Extraction,Sam Hargrave,Chris Hemsworth,Australia,"April 24, 2020",2020,R,117 min,Action
