show_id,type,title,director,cast,country,date_added,release_year,rating,duration,listed_in
s1,Movie,3 Idiots,Rajkumar Hirani,"Aamir Khan, Kareena Kapoor",India,2020-09-01,2009,PG-13,170 min,"Comedies, Dramas"
s2,Tv show,Dark,Unknown,Louis Hofmann,Germany,2017-12-01,2017,TV-MA,3 Seasons,Sci-Fi & Fantasy
s3,Movie,Inception,Christopher Nolan,Not Available,Unknown,,2010,PG-13,148 min,Thrillers
s4,Movie,The Irishman,Martin Scorsese,"Robert De Niro, Al Pacino",United States,2019-11-27,2019,R,209 min,Dramas
s5,Tv show,Money Heist,Unknown,Úrsula Corberó,Spain,2017-08-15,2017,TV-MA,5 Seasons,Crime TV Shows
s6,Unknown,Sacred Games,Unknown,Nawazuddin Siddiqui,India,2018-07-06,2018,TV-MA,2 Seasons,Crime TV Shows
s7,Movie,Joker,Todd Phillips,Not Available,United States,2019-10-04,2019,R,122 min,Thrillers
s8,Tv show,Friends,Unknown,Jennifer Aniston,Unknown,,1994,TV-14,10 Seasons,Sitcoms
s9,Movie,Extraction,Sam Hargrave,Chris Hemsworth,Australia,2020-04-24,2020,R,117 min,Action
